pmid,url
25725010,https://pubmed.ncbi.nlm.nih.gov/25725010/
32782358,https://pubmed.ncbi.nlm.nih.gov/32782358/
33194810,https://pubmed.ncbi.nlm.nih.gov/33194810/
32748035,https://pubmed.ncbi.nlm.nih.gov/32748035/
26052667,https://pubmed.ncbi.nlm.nih.gov/26052667/
23630436,https://pubmed.ncbi.nlm.nih.gov/23630436/
32910509,https://pubmed.ncbi.nlm.nih.gov/32910509/
30092029,https://pubmed.ncbi.nlm.nih.gov/30092029/
26469784,https://pubmed.ncbi.nlm.nih.gov/26469784/
10208929,https://pubmed.ncbi.nlm.nih.gov/10208929/
24829280,https://pubmed.ncbi.nlm.nih.gov/24829280/
19523154,https://pubmed.ncbi.nlm.nih.gov/19523154/
24074594,https://pubmed.ncbi.nlm.nih.gov/24074594/
19272179,https://pubmed.ncbi.nlm.nih.gov/19272179/
30485414,https://pubmed.ncbi.nlm.nih.gov/30485414/
2564270,https://pubmed.ncbi.nlm.nih.gov/2564270/
27885488,https://pubmed.ncbi.nlm.nih.gov/27885488/
21855634,https://pubmed.ncbi.nlm.nih.gov/21855634/
37149044,https://pubmed.ncbi.nlm.nih.gov/37149044/
23389466,https://pubmed.ncbi.nlm.nih.gov/23389466/
34408324,https://pubmed.ncbi.nlm.nih.gov/34408324/
28471403,https://pubmed.ncbi.nlm.nih.gov/28471403/
22457813,https://pubmed.ncbi.nlm.nih.gov/22457813/
25960372,https://pubmed.ncbi.nlm.nih.gov/25960372/
38273307,https://pubmed.ncbi.nlm.nih.gov/38273307/
28053106,https://pubmed.ncbi.nlm.nih.gov/28053106/
34036904,https://pubmed.ncbi.nlm.nih.gov/34036904/
38003488,https://pubmed.ncbi.nlm.nih.gov/38003488/
34452433,https://pubmed.ncbi.nlm.nih.gov/34452433/
28077444,https://pubmed.ncbi.nlm.nih.gov/28077444/
27381061,https://pubmed.ncbi.nlm.nih.gov/27381061/
31581580,https://pubmed.ncbi.nlm.nih.gov/31581580/
29470620,https://pubmed.ncbi.nlm.nih.gov/29470620/
32737386,https://pubmed.ncbi.nlm.nih.gov/32737386/
23344777,https://pubmed.ncbi.nlm.nih.gov/23344777/
30450339,https://pubmed.ncbi.nlm.nih.gov/30450339/
22500135,https://pubmed.ncbi.nlm.nih.gov/22500135/
31533998,https://pubmed.ncbi.nlm.nih.gov/31533998/
29269104,https://pubmed.ncbi.nlm.nih.gov/29269104/
24583230,https://pubmed.ncbi.nlm.nih.gov/24583230/
36146865,https://pubmed.ncbi.nlm.nih.gov/36146865/
28592864,https://pubmed.ncbi.nlm.nih.gov/28592864/
19796949,https://pubmed.ncbi.nlm.nih.gov/19796949/
30725318,https://pubmed.ncbi.nlm.nih.gov/30725318/
33120225,https://pubmed.ncbi.nlm.nih.gov/33120225/
35766385,https://pubmed.ncbi.nlm.nih.gov/35766385/
21895818,https://pubmed.ncbi.nlm.nih.gov/21895818/
32056712,https://pubmed.ncbi.nlm.nih.gov/32056712/
34202098,https://pubmed.ncbi.nlm.nih.gov/34202098/
27353759,https://pubmed.ncbi.nlm.nih.gov/27353759/
33123500,https://pubmed.ncbi.nlm.nih.gov/33123500/
33977455,https://pubmed.ncbi.nlm.nih.gov/33977455/
34236082,https://pubmed.ncbi.nlm.nih.gov/34236082/
19096510,https://pubmed.ncbi.nlm.nih.gov/19096510/
30404919,https://pubmed.ncbi.nlm.nih.gov/30404919/
20674955,https://pubmed.ncbi.nlm.nih.gov/20674955/
24930603,https://pubmed.ncbi.nlm.nih.gov/24930603/
36126544,https://pubmed.ncbi.nlm.nih.gov/36126544/
34200500,https://pubmed.ncbi.nlm.nih.gov/34200500/
33839535,https://pubmed.ncbi.nlm.nih.gov/33839535/
29561780,https://pubmed.ncbi.nlm.nih.gov/29561780/
26090672,https://pubmed.ncbi.nlm.nih.gov/26090672/
32849379,https://pubmed.ncbi.nlm.nih.gov/32849379/
33626461,https://pubmed.ncbi.nlm.nih.gov/33626461/
32907984,https://pubmed.ncbi.nlm.nih.gov/32907984/
20219898,https://pubmed.ncbi.nlm.nih.gov/20219898/
19223625,https://pubmed.ncbi.nlm.nih.gov/19223625/
26092250,https://pubmed.ncbi.nlm.nih.gov/26092250/
28668194,https://pubmed.ncbi.nlm.nih.gov/28668194/
30791609,https://pubmed.ncbi.nlm.nih.gov/30791609/
34613785,https://pubmed.ncbi.nlm.nih.gov/34613785/
35579435,https://pubmed.ncbi.nlm.nih.gov/35579435/
26468529,https://pubmed.ncbi.nlm.nih.gov/26468529/
31762724,https://pubmed.ncbi.nlm.nih.gov/31762724/
26931565,https://pubmed.ncbi.nlm.nih.gov/26931565/
15579065,https://pubmed.ncbi.nlm.nih.gov/15579065/
27702593,https://pubmed.ncbi.nlm.nih.gov/27702593/
20883967,https://pubmed.ncbi.nlm.nih.gov/20883967/
32630064,https://pubmed.ncbi.nlm.nih.gov/32630064/
35834589,https://pubmed.ncbi.nlm.nih.gov/35834589/
33846408,https://pubmed.ncbi.nlm.nih.gov/33846408/
19262377,https://pubmed.ncbi.nlm.nih.gov/19262377/
23471635,https://pubmed.ncbi.nlm.nih.gov/23471635/
34687820,https://pubmed.ncbi.nlm.nih.gov/34687820/
32585135,https://pubmed.ncbi.nlm.nih.gov/32585135/
17947525,https://pubmed.ncbi.nlm.nih.gov/17947525/
35378215,https://pubmed.ncbi.nlm.nih.gov/35378215/
37847671,https://pubmed.ncbi.nlm.nih.gov/37847671/
31289184,https://pubmed.ncbi.nlm.nih.gov/31289184/
31743714,https://pubmed.ncbi.nlm.nih.gov/31743714/
23517753,https://pubmed.ncbi.nlm.nih.gov/23517753/
37895950,https://pubmed.ncbi.nlm.nih.gov/37895950/
17502914,https://pubmed.ncbi.nlm.nih.gov/17502914/
28101536,https://pubmed.ncbi.nlm.nih.gov/28101536/
24612829,https://pubmed.ncbi.nlm.nih.gov/24612829/
31352533,https://pubmed.ncbi.nlm.nih.gov/31352533/
33452408,https://pubmed.ncbi.nlm.nih.gov/33452408/
29743363,https://pubmed.ncbi.nlm.nih.gov/29743363/
27457684,https://pubmed.ncbi.nlm.nih.gov/27457684/
26912630,https://pubmed.ncbi.nlm.nih.gov/26912630/
29505618,https://pubmed.ncbi.nlm.nih.gov/29505618/
25664880,https://pubmed.ncbi.nlm.nih.gov/25664880/
26085147,https://pubmed.ncbi.nlm.nih.gov/26085147/
22146564,https://pubmed.ncbi.nlm.nih.gov/22146564/
37813637,https://pubmed.ncbi.nlm.nih.gov/37813637/
30439342,https://pubmed.ncbi.nlm.nih.gov/30439342/
31273220,https://pubmed.ncbi.nlm.nih.gov/31273220/
20122152,https://pubmed.ncbi.nlm.nih.gov/20122152/
20571839,https://pubmed.ncbi.nlm.nih.gov/20571839/
24367265,https://pubmed.ncbi.nlm.nih.gov/24367265/
22970315,https://pubmed.ncbi.nlm.nih.gov/22970315/
31720911,https://pubmed.ncbi.nlm.nih.gov/31720911/
25694590,https://pubmed.ncbi.nlm.nih.gov/25694590/
29610346,https://pubmed.ncbi.nlm.nih.gov/29610346/
23099205,https://pubmed.ncbi.nlm.nih.gov/23099205/
25569684,https://pubmed.ncbi.nlm.nih.gov/25569684/
32203536,https://pubmed.ncbi.nlm.nih.gov/32203536/
29494679,https://pubmed.ncbi.nlm.nih.gov/29494679/
27383987,https://pubmed.ncbi.nlm.nih.gov/27383987/
25422070,https://pubmed.ncbi.nlm.nih.gov/25422070/
26582131,https://pubmed.ncbi.nlm.nih.gov/26582131/
18690214,https://pubmed.ncbi.nlm.nih.gov/18690214/
25908170,https://pubmed.ncbi.nlm.nih.gov/25908170/
18496526,https://pubmed.ncbi.nlm.nih.gov/18496526/
25915054,https://pubmed.ncbi.nlm.nih.gov/25915054/
23555248,https://pubmed.ncbi.nlm.nih.gov/23555248/
23084921,https://pubmed.ncbi.nlm.nih.gov/23084921/
28968863,https://pubmed.ncbi.nlm.nih.gov/28968863/
31025636,https://pubmed.ncbi.nlm.nih.gov/31025636/
19134117,https://pubmed.ncbi.nlm.nih.gov/19134117/
31472473,https://pubmed.ncbi.nlm.nih.gov/31472473/
32554715,https://pubmed.ncbi.nlm.nih.gov/32554715/
29709564,https://pubmed.ncbi.nlm.nih.gov/29709564/
30439343,https://pubmed.ncbi.nlm.nih.gov/30439343/
28458006,https://pubmed.ncbi.nlm.nih.gov/28458006/
30118512,https://pubmed.ncbi.nlm.nih.gov/30118512/
36558951,https://pubmed.ncbi.nlm.nih.gov/36558951/
28240606,https://pubmed.ncbi.nlm.nih.gov/28240606/
24889243,https://pubmed.ncbi.nlm.nih.gov/24889243/
12963043,https://pubmed.ncbi.nlm.nih.gov/12963043/
31091703,https://pubmed.ncbi.nlm.nih.gov/31091703/
15659760,https://pubmed.ncbi.nlm.nih.gov/15659760/
22281498,https://pubmed.ncbi.nlm.nih.gov/22281498/
37006270,https://pubmed.ncbi.nlm.nih.gov/37006270/
31645450,https://pubmed.ncbi.nlm.nih.gov/31645450/
31694957,https://pubmed.ncbi.nlm.nih.gov/31694957/
22046135,https://pubmed.ncbi.nlm.nih.gov/22046135/
17265167,https://pubmed.ncbi.nlm.nih.gov/17265167/
23029581,https://pubmed.ncbi.nlm.nih.gov/23029581/
28600536,https://pubmed.ncbi.nlm.nih.gov/28600536/
17337028,https://pubmed.ncbi.nlm.nih.gov/17337028/
25496825,https://pubmed.ncbi.nlm.nih.gov/25496825/
33328308,https://pubmed.ncbi.nlm.nih.gov/33328308/
17196419,https://pubmed.ncbi.nlm.nih.gov/17196419/
27821688,https://pubmed.ncbi.nlm.nih.gov/27821688/
28128342,https://pubmed.ncbi.nlm.nih.gov/28128342/
26969331,https://pubmed.ncbi.nlm.nih.gov/26969331/
29056462,https://pubmed.ncbi.nlm.nih.gov/29056462/
20153777,https://pubmed.ncbi.nlm.nih.gov/20153777/
23638199,https://pubmed.ncbi.nlm.nih.gov/23638199/
32135219,https://pubmed.ncbi.nlm.nih.gov/32135219/
27058774,https://pubmed.ncbi.nlm.nih.gov/27058774/
19800368,https://pubmed.ncbi.nlm.nih.gov/19800368/
22626929,https://pubmed.ncbi.nlm.nih.gov/22626929/
19962368,https://pubmed.ncbi.nlm.nih.gov/19962368/
33137362,https://pubmed.ncbi.nlm.nih.gov/33137362/
32291299,https://pubmed.ncbi.nlm.nih.gov/32291299/
26248692,https://pubmed.ncbi.nlm.nih.gov/26248692/
26976324,https://pubmed.ncbi.nlm.nih.gov/26976324/
32057770,https://pubmed.ncbi.nlm.nih.gov/32057770/
24696335,https://pubmed.ncbi.nlm.nih.gov/24696335/
23924316,https://pubmed.ncbi.nlm.nih.gov/23924316/
30459406,https://pubmed.ncbi.nlm.nih.gov/30459406/
24135719,https://pubmed.ncbi.nlm.nih.gov/24135719/
34146894,https://pubmed.ncbi.nlm.nih.gov/34146894/
20824170,https://pubmed.ncbi.nlm.nih.gov/20824170/
26074064,https://pubmed.ncbi.nlm.nih.gov/26074064/
25874215,https://pubmed.ncbi.nlm.nih.gov/25874215/
22624001,https://pubmed.ncbi.nlm.nih.gov/22624001/
30355397,https://pubmed.ncbi.nlm.nih.gov/30355397/
22334503,https://pubmed.ncbi.nlm.nih.gov/22334503/
20823335,https://pubmed.ncbi.nlm.nih.gov/20823335/
27007501,https://pubmed.ncbi.nlm.nih.gov/27007501/
27282740,https://pubmed.ncbi.nlm.nih.gov/27282740/
30042931,https://pubmed.ncbi.nlm.nih.gov/30042931/
25794961,https://pubmed.ncbi.nlm.nih.gov/25794961/
22999307,https://pubmed.ncbi.nlm.nih.gov/22999307/
15911027,https://pubmed.ncbi.nlm.nih.gov/15911027/
25891143,https://pubmed.ncbi.nlm.nih.gov/25891143/
32429073,https://pubmed.ncbi.nlm.nih.gov/32429073/
21191016,https://pubmed.ncbi.nlm.nih.gov/21191016/
30698412,https://pubmed.ncbi.nlm.nih.gov/30698412/
20534863,https://pubmed.ncbi.nlm.nih.gov/20534863/
30022045,https://pubmed.ncbi.nlm.nih.gov/30022045/
24313910,https://pubmed.ncbi.nlm.nih.gov/24313910/
25559317,https://pubmed.ncbi.nlm.nih.gov/25559317/
31524580,https://pubmed.ncbi.nlm.nih.gov/31524580/
31440811,https://pubmed.ncbi.nlm.nih.gov/31440811/
24643062,https://pubmed.ncbi.nlm.nih.gov/24643062/
29182510,https://pubmed.ncbi.nlm.nih.gov/29182510/
19450550,https://pubmed.ncbi.nlm.nih.gov/19450550/
20833378,https://pubmed.ncbi.nlm.nih.gov/20833378/
23041143,https://pubmed.ncbi.nlm.nih.gov/23041143/
19053243,https://pubmed.ncbi.nlm.nih.gov/19053243/
19781577,https://pubmed.ncbi.nlm.nih.gov/19781577/
23376163,https://pubmed.ncbi.nlm.nih.gov/23376163/
22005292,https://pubmed.ncbi.nlm.nih.gov/22005292/
23383181,https://pubmed.ncbi.nlm.nih.gov/23383181/
23642353,https://pubmed.ncbi.nlm.nih.gov/23642353/
19759134,https://pubmed.ncbi.nlm.nih.gov/19759134/
23658845,https://pubmed.ncbi.nlm.nih.gov/23658845/
4036316,https://pubmed.ncbi.nlm.nih.gov/4036316/
32522848,https://pubmed.ncbi.nlm.nih.gov/32522848/
16501107,https://pubmed.ncbi.nlm.nih.gov/16501107/
24948392,https://pubmed.ncbi.nlm.nih.gov/24948392/
18640168,https://pubmed.ncbi.nlm.nih.gov/18640168/
29134418,https://pubmed.ncbi.nlm.nih.gov/29134418/
18573235,https://pubmed.ncbi.nlm.nih.gov/18573235/
19802575,https://pubmed.ncbi.nlm.nih.gov/19802575/
33396899,https://pubmed.ncbi.nlm.nih.gov/33396899/
35336971,https://pubmed.ncbi.nlm.nih.gov/35336971/
34466085,https://pubmed.ncbi.nlm.nih.gov/34466085/
33194810,https://pubmed.ncbi.nlm.nih.gov/33194810/
35891396,https://pubmed.ncbi.nlm.nih.gov/35891396/
37732809,https://pubmed.ncbi.nlm.nih.gov/37732809/
31810760,https://pubmed.ncbi.nlm.nih.gov/31810760/
37075076,https://pubmed.ncbi.nlm.nih.gov/37075076/
35266803,https://pubmed.ncbi.nlm.nih.gov/35266803/
19202356,https://pubmed.ncbi.nlm.nih.gov/19202356/
35572621,https://pubmed.ncbi.nlm.nih.gov/35572621/
35619300,https://pubmed.ncbi.nlm.nih.gov/35619300/
34152811,https://pubmed.ncbi.nlm.nih.gov/34152811/
29956614,https://pubmed.ncbi.nlm.nih.gov/29956614/
28965915,https://pubmed.ncbi.nlm.nih.gov/28965915/
37796112,https://pubmed.ncbi.nlm.nih.gov/37796112/
19141455,https://pubmed.ncbi.nlm.nih.gov/19141455/
28238876,https://pubmed.ncbi.nlm.nih.gov/28238876/
36992406,https://pubmed.ncbi.nlm.nih.gov/36992406/
31421166,https://pubmed.ncbi.nlm.nih.gov/31421166/
34655660,https://pubmed.ncbi.nlm.nih.gov/34655660/
32396616,https://pubmed.ncbi.nlm.nih.gov/32396616/
36700643,https://pubmed.ncbi.nlm.nih.gov/36700643/
34619004,https://pubmed.ncbi.nlm.nih.gov/34619004/
36966240,https://pubmed.ncbi.nlm.nih.gov/36966240/
24486628,https://pubmed.ncbi.nlm.nih.gov/24486628/
28930151,https://pubmed.ncbi.nlm.nih.gov/28930151/
28491890,https://pubmed.ncbi.nlm.nih.gov/28491890/
30527622,https://pubmed.ncbi.nlm.nih.gov/30527622/
33596798,https://pubmed.ncbi.nlm.nih.gov/33596798/
21737578,https://pubmed.ncbi.nlm.nih.gov/21737578/
28317866,https://pubmed.ncbi.nlm.nih.gov/28317866/
36968111,https://pubmed.ncbi.nlm.nih.gov/36968111/
26092250,https://pubmed.ncbi.nlm.nih.gov/26092250/
29470500,https://pubmed.ncbi.nlm.nih.gov/29470500/
26818704,https://pubmed.ncbi.nlm.nih.gov/26818704/
29981375,https://pubmed.ncbi.nlm.nih.gov/29981375/
21515677,https://pubmed.ncbi.nlm.nih.gov/21515677/
35087488,https://pubmed.ncbi.nlm.nih.gov/35087488/
35865937,https://pubmed.ncbi.nlm.nih.gov/35865937/
24680954,https://pubmed.ncbi.nlm.nih.gov/24680954/
33904816,https://pubmed.ncbi.nlm.nih.gov/33904816/
37986976,https://pubmed.ncbi.nlm.nih.gov/37986976/
33593007,https://pubmed.ncbi.nlm.nih.gov/33593007/
28124222,https://pubmed.ncbi.nlm.nih.gov/28124222/
27457684,https://pubmed.ncbi.nlm.nih.gov/27457684/
16002117,https://pubmed.ncbi.nlm.nih.gov/16002117/
30513781,https://pubmed.ncbi.nlm.nih.gov/30513781/
16474125,https://pubmed.ncbi.nlm.nih.gov/16474125/
29323257,https://pubmed.ncbi.nlm.nih.gov/29323257/
35254825,https://pubmed.ncbi.nlm.nih.gov/35254825/
32611757,https://pubmed.ncbi.nlm.nih.gov/32611757/
27348054,https://pubmed.ncbi.nlm.nih.gov/27348054/
30118512,https://pubmed.ncbi.nlm.nih.gov/30118512/
23616652,https://pubmed.ncbi.nlm.nih.gov/23616652/
16760396,https://pubmed.ncbi.nlm.nih.gov/16760396/
29338543,https://pubmed.ncbi.nlm.nih.gov/29338543/
32272194,https://pubmed.ncbi.nlm.nih.gov/32272194/
16214197,https://pubmed.ncbi.nlm.nih.gov/16214197/
31818462,https://pubmed.ncbi.nlm.nih.gov/31818462/
25499200,https://pubmed.ncbi.nlm.nih.gov/25499200/
32411105,https://pubmed.ncbi.nlm.nih.gov/32411105/
26779802,https://pubmed.ncbi.nlm.nih.gov/26779802/
37478852,https://pubmed.ncbi.nlm.nih.gov/37478852/
26872864,https://pubmed.ncbi.nlm.nih.gov/26872864/
35215835,https://pubmed.ncbi.nlm.nih.gov/35215835/
30781856,https://pubmed.ncbi.nlm.nih.gov/30781856/
36074777,https://pubmed.ncbi.nlm.nih.gov/36074777/
37159959,https://pubmed.ncbi.nlm.nih.gov/37159959/
36016417,https://pubmed.ncbi.nlm.nih.gov/36016417/
29321322,https://pubmed.ncbi.nlm.nih.gov/29321322/
31546825,https://pubmed.ncbi.nlm.nih.gov/31546825/
26090672,https://pubmed.ncbi.nlm.nih.gov/26090672/
32445444,https://pubmed.ncbi.nlm.nih.gov/32445444/
28465426,https://pubmed.ncbi.nlm.nih.gov/28465426/
26411318,https://pubmed.ncbi.nlm.nih.gov/26411318/
27572397,https://pubmed.ncbi.nlm.nih.gov/27572397/
31632411,https://pubmed.ncbi.nlm.nih.gov/31632411/
34339773,https://pubmed.ncbi.nlm.nih.gov/34339773/
24168271,https://pubmed.ncbi.nlm.nih.gov/24168271/
16501107,https://pubmed.ncbi.nlm.nih.gov/16501107/
30564270,https://pubmed.ncbi.nlm.nih.gov/30564270/
30142214,https://pubmed.ncbi.nlm.nih.gov/30142214/
27666184,https://pubmed.ncbi.nlm.nih.gov/27666184/
28051834,https://pubmed.ncbi.nlm.nih.gov/28051834/
21386893,https://pubmed.ncbi.nlm.nih.gov/21386893/
32560467,https://pubmed.ncbi.nlm.nih.gov/32560467/
34745123,https://pubmed.ncbi.nlm.nih.gov/34745123/
35479613,https://pubmed.ncbi.nlm.nih.gov/35479613/
32522848,https://pubmed.ncbi.nlm.nih.gov/32522848/
29030319,https://pubmed.ncbi.nlm.nih.gov/29030319/
28733114,https://pubmed.ncbi.nlm.nih.gov/28733114/
21308524,https://pubmed.ncbi.nlm.nih.gov/21308524/
37376676,https://pubmed.ncbi.nlm.nih.gov/37376676/
34665110,https://pubmed.ncbi.nlm.nih.gov/34665110/
32160714,https://pubmed.ncbi.nlm.nih.gov/32160714/
17319158,https://pubmed.ncbi.nlm.nih.gov/17319158/
36992484,https://pubmed.ncbi.nlm.nih.gov/36992484/
24992036,https://pubmed.ncbi.nlm.nih.gov/24992036/
27273003,https://pubmed.ncbi.nlm.nih.gov/27273003/
27181378,https://pubmed.ncbi.nlm.nih.gov/27181378/
23826300,https://pubmed.ncbi.nlm.nih.gov/23826300/
12033793,https://pubmed.ncbi.nlm.nih.gov/12033793/
22439769,https://pubmed.ncbi.nlm.nih.gov/22439769/
25102029,https://pubmed.ncbi.nlm.nih.gov/25102029/
32164193,https://pubmed.ncbi.nlm.nih.gov/32164193/
33869639,https://pubmed.ncbi.nlm.nih.gov/33869639/
20357095,https://pubmed.ncbi.nlm.nih.gov/20357095/
21191016,https://pubmed.ncbi.nlm.nih.gov/21191016/
29845533,https://pubmed.ncbi.nlm.nih.gov/29845533/
28181036,https://pubmed.ncbi.nlm.nih.gov/28181036/
31118262,https://pubmed.ncbi.nlm.nih.gov/31118262/
29641562,https://pubmed.ncbi.nlm.nih.gov/29641562/
36310869,https://pubmed.ncbi.nlm.nih.gov/36310869/
29106931,https://pubmed.ncbi.nlm.nih.gov/29106931/
37331111,https://pubmed.ncbi.nlm.nih.gov/37331111/
28396347,https://pubmed.ncbi.nlm.nih.gov/28396347/
30528666,https://pubmed.ncbi.nlm.nih.gov/30528666/
32461319,https://pubmed.ncbi.nlm.nih.gov/32461319/
25890165,https://pubmed.ncbi.nlm.nih.gov/25890165/
31210384,https://pubmed.ncbi.nlm.nih.gov/31210384/
28077444,https://pubmed.ncbi.nlm.nih.gov/28077444/
34585949,https://pubmed.ncbi.nlm.nih.gov/34585949/
31682219,https://pubmed.ncbi.nlm.nih.gov/31682219/
21575706,https://pubmed.ncbi.nlm.nih.gov/21575706/
36133864,https://pubmed.ncbi.nlm.nih.gov/36133864/
26735137,https://pubmed.ncbi.nlm.nih.gov/26735137/
21911577,https://pubmed.ncbi.nlm.nih.gov/21911577/
32334603,https://pubmed.ncbi.nlm.nih.gov/32334603/
20005199,https://pubmed.ncbi.nlm.nih.gov/20005199/
33356825,https://pubmed.ncbi.nlm.nih.gov/33356825/
26647367,https://pubmed.ncbi.nlm.nih.gov/26647367/
28207988,https://pubmed.ncbi.nlm.nih.gov/28207988/
30684694,https://pubmed.ncbi.nlm.nih.gov/30684694/
38110348,https://pubmed.ncbi.nlm.nih.gov/38110348/
28761128,https://pubmed.ncbi.nlm.nih.gov/28761128/
34735113,https://pubmed.ncbi.nlm.nih.gov/34735113/
21881953,https://pubmed.ncbi.nlm.nih.gov/21881953/
36982407,https://pubmed.ncbi.nlm.nih.gov/36982407/
30192757,https://pubmed.ncbi.nlm.nih.gov/30192757/
26102100,https://pubmed.ncbi.nlm.nih.gov/26102100/
29200948,https://pubmed.ncbi.nlm.nih.gov/29200948/
29572260,https://pubmed.ncbi.nlm.nih.gov/29572260/
33652634,https://pubmed.ncbi.nlm.nih.gov/33652634/
32807496,https://pubmed.ncbi.nlm.nih.gov/32807496/
21245921,https://pubmed.ncbi.nlm.nih.gov/21245921/
27039024,https://pubmed.ncbi.nlm.nih.gov/27039024/
24769207,https://pubmed.ncbi.nlm.nih.gov/24769207/
31898495,https://pubmed.ncbi.nlm.nih.gov/31898495/
24696471,https://pubmed.ncbi.nlm.nih.gov/24696471/
20113369,https://pubmed.ncbi.nlm.nih.gov/20113369/
37014904,https://pubmed.ncbi.nlm.nih.gov/37014904/
33816326,https://pubmed.ncbi.nlm.nih.gov/33816326/
26889037,https://pubmed.ncbi.nlm.nih.gov/26889037/
19380576,https://pubmed.ncbi.nlm.nih.gov/19380576/
20980673,https://pubmed.ncbi.nlm.nih.gov/20980673/
29583121,https://pubmed.ncbi.nlm.nih.gov/29583121/
24722532,https://pubmed.ncbi.nlm.nih.gov/24722532/
33569904,https://pubmed.ncbi.nlm.nih.gov/33569904/
17319152,https://pubmed.ncbi.nlm.nih.gov/17319152/
33610792,https://pubmed.ncbi.nlm.nih.gov/33610792/
31379848,https://pubmed.ncbi.nlm.nih.gov/31379848/
37802295,https://pubmed.ncbi.nlm.nih.gov/37802295/
33807863,https://pubmed.ncbi.nlm.nih.gov/33807863/
35923314,https://pubmed.ncbi.nlm.nih.gov/35923314/
25866185,https://pubmed.ncbi.nlm.nih.gov/25866185/
35482886,https://pubmed.ncbi.nlm.nih.gov/35482886/
36965228,https://pubmed.ncbi.nlm.nih.gov/36965228/
32402275,https://pubmed.ncbi.nlm.nih.gov/32402275/
30130602,https://pubmed.ncbi.nlm.nih.gov/30130602/
30459406,https://pubmed.ncbi.nlm.nih.gov/30459406/
31043530,https://pubmed.ncbi.nlm.nih.gov/31043530/
36475764,https://pubmed.ncbi.nlm.nih.gov/36475764/
22589061,https://pubmed.ncbi.nlm.nih.gov/22589061/
26944216,https://pubmed.ncbi.nlm.nih.gov/26944216/
31358863,https://pubmed.ncbi.nlm.nih.gov/31358863/
24512803,https://pubmed.ncbi.nlm.nih.gov/24512803/
22840606,https://pubmed.ncbi.nlm.nih.gov/22840606/
28656015,https://pubmed.ncbi.nlm.nih.gov/28656015/
23602469,https://pubmed.ncbi.nlm.nih.gov/23602469/
29561780,https://pubmed.ncbi.nlm.nih.gov/29561780/
24858611,https://pubmed.ncbi.nlm.nih.gov/24858611/
36351431,https://pubmed.ncbi.nlm.nih.gov/36351431/
24043884,https://pubmed.ncbi.nlm.nih.gov/24043884/
21858043,https://pubmed.ncbi.nlm.nih.gov/21858043/
19923460,https://pubmed.ncbi.nlm.nih.gov/19923460/
25181337,https://pubmed.ncbi.nlm.nih.gov/25181337/
27353759,https://pubmed.ncbi.nlm.nih.gov/27353759/
33441483,https://pubmed.ncbi.nlm.nih.gov/33441483/
23735301,https://pubmed.ncbi.nlm.nih.gov/23735301/
10725192,https://pubmed.ncbi.nlm.nih.gov/10725192/
20855599,https://pubmed.ncbi.nlm.nih.gov/20855599/
34634943,https://pubmed.ncbi.nlm.nih.gov/34634943/
33406991,https://pubmed.ncbi.nlm.nih.gov/33406991/
20631089,https://pubmed.ncbi.nlm.nih.gov/20631089/
17626094,https://pubmed.ncbi.nlm.nih.gov/17626094/
24063571,https://pubmed.ncbi.nlm.nih.gov/24063571/
17416433,https://pubmed.ncbi.nlm.nih.gov/17416433/
15943564,https://pubmed.ncbi.nlm.nih.gov/15943564/
32313955,https://pubmed.ncbi.nlm.nih.gov/32313955/
28074025,https://pubmed.ncbi.nlm.nih.gov/28074025/
31631053,https://pubmed.ncbi.nlm.nih.gov/31631053/
21798792,https://pubmed.ncbi.nlm.nih.gov/21798792/
23531545,https://pubmed.ncbi.nlm.nih.gov/23531545/
28053106,https://pubmed.ncbi.nlm.nih.gov/28053106/
16032750,https://pubmed.ncbi.nlm.nih.gov/16032750/
37417764,https://pubmed.ncbi.nlm.nih.gov/37417764/
31386864,https://pubmed.ncbi.nlm.nih.gov/31386864/
30357482,https://pubmed.ncbi.nlm.nih.gov/30357482/
32938759,https://pubmed.ncbi.nlm.nih.gov/32938759/
18991679,https://pubmed.ncbi.nlm.nih.gov/18991679/
21784227,https://pubmed.ncbi.nlm.nih.gov/21784227/
17726010,https://pubmed.ncbi.nlm.nih.gov/17726010/
32102413,https://pubmed.ncbi.nlm.nih.gov/32102413/
32478656,https://pubmed.ncbi.nlm.nih.gov/32478656/
14698666,https://pubmed.ncbi.nlm.nih.gov/14698666/
31134586,https://pubmed.ncbi.nlm.nih.gov/31134586/
33291644,https://pubmed.ncbi.nlm.nih.gov/33291644/
28031359,https://pubmed.ncbi.nlm.nih.gov/28031359/
29117564,https://pubmed.ncbi.nlm.nih.gov/29117564/
36786659,https://pubmed.ncbi.nlm.nih.gov/36786659/
31645450,https://pubmed.ncbi.nlm.nih.gov/31645450/
23642353,https://pubmed.ncbi.nlm.nih.gov/23642353/
25392211,https://pubmed.ncbi.nlm.nih.gov/25392211/
28273893,https://pubmed.ncbi.nlm.nih.gov/28273893/
14963133,https://pubmed.ncbi.nlm.nih.gov/14963133/
31462573,https://pubmed.ncbi.nlm.nih.gov/31462573/
12504563,https://pubmed.ncbi.nlm.nih.gov/12504563/
27383987,https://pubmed.ncbi.nlm.nih.gov/27383987/
31392996,https://pubmed.ncbi.nlm.nih.gov/31392996/
17168837,https://pubmed.ncbi.nlm.nih.gov/17168837/
26435066,https://pubmed.ncbi.nlm.nih.gov/26435066/
29743368,https://pubmed.ncbi.nlm.nih.gov/29743368/
28065855,https://pubmed.ncbi.nlm.nih.gov/28065855/
24129118,https://pubmed.ncbi.nlm.nih.gov/24129118/
37060797,https://pubmed.ncbi.nlm.nih.gov/37060797/
30016363,https://pubmed.ncbi.nlm.nih.gov/30016363/
17502609,https://pubmed.ncbi.nlm.nih.gov/17502609/
23824813,https://pubmed.ncbi.nlm.nih.gov/23824813/
36685392,https://pubmed.ncbi.nlm.nih.gov/36685392/
27279150,https://pubmed.ncbi.nlm.nih.gov/27279150/
22457619,https://pubmed.ncbi.nlm.nih.gov/22457619/
11689052,https://pubmed.ncbi.nlm.nih.gov/11689052/
34372598,https://pubmed.ncbi.nlm.nih.gov/34372598/
28455958,https://pubmed.ncbi.nlm.nih.gov/28455958/
29312180,https://pubmed.ncbi.nlm.nih.gov/29312180/
17662475,https://pubmed.ncbi.nlm.nih.gov/17662475/
19692542,https://pubmed.ncbi.nlm.nih.gov/19692542/
29387631,https://pubmed.ncbi.nlm.nih.gov/29387631/
23413697,https://pubmed.ncbi.nlm.nih.gov/23413697/
32850477,https://pubmed.ncbi.nlm.nih.gov/32850477/
32879337,https://pubmed.ncbi.nlm.nih.gov/32879337/
34834059,https://pubmed.ncbi.nlm.nih.gov/34834059/
27974556,https://pubmed.ncbi.nlm.nih.gov/27974556/
20166951,https://pubmed.ncbi.nlm.nih.gov/20166951/
17251552,https://pubmed.ncbi.nlm.nih.gov/17251552/
24550303,https://pubmed.ncbi.nlm.nih.gov/24550303/
35891424,https://pubmed.ncbi.nlm.nih.gov/35891424/
30023438,https://pubmed.ncbi.nlm.nih.gov/30023438/
31533998,https://pubmed.ncbi.nlm.nih.gov/31533998/
18676000,https://pubmed.ncbi.nlm.nih.gov/18676000/
31456950,https://pubmed.ncbi.nlm.nih.gov/31456950/
16253374,https://pubmed.ncbi.nlm.nih.gov/16253374/
24696335,https://pubmed.ncbi.nlm.nih.gov/24696335/
1438242,https://pubmed.ncbi.nlm.nih.gov/1438242/
16227245,https://pubmed.ncbi.nlm.nih.gov/16227245/
29789369,https://pubmed.ncbi.nlm.nih.gov/29789369/
22137186,https://pubmed.ncbi.nlm.nih.gov/22137186/
22207023,https://pubmed.ncbi.nlm.nih.gov/22207023/
18559930,https://pubmed.ncbi.nlm.nih.gov/18559930/
20534863,https://pubmed.ncbi.nlm.nih.gov/20534863/
37515249,https://pubmed.ncbi.nlm.nih.gov/37515249/
33980593,https://pubmed.ncbi.nlm.nih.gov/33980593/
24807709,https://pubmed.ncbi.nlm.nih.gov/24807709/
8460492,https://pubmed.ncbi.nlm.nih.gov/8460492/
20158392,https://pubmed.ncbi.nlm.nih.gov/20158392/
29925952,https://pubmed.ncbi.nlm.nih.gov/29925952/
35931226,https://pubmed.ncbi.nlm.nih.gov/35931226/
230207,https://pubmed.ncbi.nlm.nih.gov/230207/
23717637,https://pubmed.ncbi.nlm.nih.gov/23717637/
30040423,https://pubmed.ncbi.nlm.nih.gov/30040423/
21385877,https://pubmed.ncbi.nlm.nih.gov/21385877/
26185116,https://pubmed.ncbi.nlm.nih.gov/26185116/
18508882,https://pubmed.ncbi.nlm.nih.gov/18508882/
27009958,https://pubmed.ncbi.nlm.nih.gov/27009958/
21436031,https://pubmed.ncbi.nlm.nih.gov/21436031/
32470709,https://pubmed.ncbi.nlm.nih.gov/32470709/
24078930,https://pubmed.ncbi.nlm.nih.gov/24078930/
34676370,https://pubmed.ncbi.nlm.nih.gov/34676370/
18245555,https://pubmed.ncbi.nlm.nih.gov/18245555/
36473280,https://pubmed.ncbi.nlm.nih.gov/36473280/
29294313,https://pubmed.ncbi.nlm.nih.gov/29294313/
34037793,https://pubmed.ncbi.nlm.nih.gov/34037793/
17888185,https://pubmed.ncbi.nlm.nih.gov/17888185/
31560972,https://pubmed.ncbi.nlm.nih.gov/31560972/
28912773,https://pubmed.ncbi.nlm.nih.gov/28912773/
27580721,https://pubmed.ncbi.nlm.nih.gov/27580721/
27798603,https://pubmed.ncbi.nlm.nih.gov/27798603/
34133732,https://pubmed.ncbi.nlm.nih.gov/34133732/
15302944,https://pubmed.ncbi.nlm.nih.gov/15302944/
27760916,https://pubmed.ncbi.nlm.nih.gov/27760916/
33173007,https://pubmed.ncbi.nlm.nih.gov/33173007/
21991304,https://pubmed.ncbi.nlm.nih.gov/21991304/
38095733,https://pubmed.ncbi.nlm.nih.gov/38095733/
29899501,https://pubmed.ncbi.nlm.nih.gov/29899501/
34956178,https://pubmed.ncbi.nlm.nih.gov/34956178/
25209234,https://pubmed.ncbi.nlm.nih.gov/25209234/
28641298,https://pubmed.ncbi.nlm.nih.gov/28641298/
31189110,https://pubmed.ncbi.nlm.nih.gov/31189110/
23152543,https://pubmed.ncbi.nlm.nih.gov/23152543/
9452298,https://pubmed.ncbi.nlm.nih.gov/9452298/
21034848,https://pubmed.ncbi.nlm.nih.gov/21034848/
32890404,https://pubmed.ncbi.nlm.nih.gov/32890404/
19264601,https://pubmed.ncbi.nlm.nih.gov/19264601/
26039671,https://pubmed.ncbi.nlm.nih.gov/26039671/
8659120,https://pubmed.ncbi.nlm.nih.gov/8659120/
26965420,https://pubmed.ncbi.nlm.nih.gov/26965420/
28148804,https://pubmed.ncbi.nlm.nih.gov/28148804/
24427938,https://pubmed.ncbi.nlm.nih.gov/24427938/
22022449,https://pubmed.ncbi.nlm.nih.gov/22022449/
27992765,https://pubmed.ncbi.nlm.nih.gov/27992765/
32699085,https://pubmed.ncbi.nlm.nih.gov/32699085/
21829730,https://pubmed.ncbi.nlm.nih.gov/21829730/
19297323,https://pubmed.ncbi.nlm.nih.gov/19297323/
23372823,https://pubmed.ncbi.nlm.nih.gov/23372823/
36444792,https://pubmed.ncbi.nlm.nih.gov/36444792/
34287854,https://pubmed.ncbi.nlm.nih.gov/34287854/
35006065,https://pubmed.ncbi.nlm.nih.gov/35006065/
25598317,https://pubmed.ncbi.nlm.nih.gov/25598317/
14610213,https://pubmed.ncbi.nlm.nih.gov/14610213/
19013627,https://pubmed.ncbi.nlm.nih.gov/19013627/
37883598,https://pubmed.ncbi.nlm.nih.gov/37883598/
21142441,https://pubmed.ncbi.nlm.nih.gov/21142441/
19501253,https://pubmed.ncbi.nlm.nih.gov/19501253/
27682269,https://pubmed.ncbi.nlm.nih.gov/27682269/
22496660,https://pubmed.ncbi.nlm.nih.gov/22496660/
22102908,https://pubmed.ncbi.nlm.nih.gov/22102908/
26350772,https://pubmed.ncbi.nlm.nih.gov/26350772/
9741643,https://pubmed.ncbi.nlm.nih.gov/9741643/
25968648,https://pubmed.ncbi.nlm.nih.gov/25968648/
27509184,https://pubmed.ncbi.nlm.nih.gov/27509184/
37984566,https://pubmed.ncbi.nlm.nih.gov/37984566/
27764114,https://pubmed.ncbi.nlm.nih.gov/27764114/
31669333,https://pubmed.ncbi.nlm.nih.gov/31669333/
10233934,https://pubmed.ncbi.nlm.nih.gov/10233934/
29063288,https://pubmed.ncbi.nlm.nih.gov/29063288/
18690214,https://pubmed.ncbi.nlm.nih.gov/18690214/
34329306,https://pubmed.ncbi.nlm.nih.gov/34329306/
33177556,https://pubmed.ncbi.nlm.nih.gov/33177556/
23876037,https://pubmed.ncbi.nlm.nih.gov/23876037/
21224207,https://pubmed.ncbi.nlm.nih.gov/21224207/
22155902,https://pubmed.ncbi.nlm.nih.gov/22155902/
18261207,https://pubmed.ncbi.nlm.nih.gov/18261207/
20153777,https://pubmed.ncbi.nlm.nih.gov/20153777/
24903662,https://pubmed.ncbi.nlm.nih.gov/24903662/
32848034,https://pubmed.ncbi.nlm.nih.gov/32848034/
32764824,https://pubmed.ncbi.nlm.nih.gov/32764824/
10516033,https://pubmed.ncbi.nlm.nih.gov/10516033/
23657274,https://pubmed.ncbi.nlm.nih.gov/23657274/
36336130,https://pubmed.ncbi.nlm.nih.gov/36336130/
28101536,https://pubmed.ncbi.nlm.nih.gov/28101536/
22249364,https://pubmed.ncbi.nlm.nih.gov/22249364/
21186514,https://pubmed.ncbi.nlm.nih.gov/21186514/
23576500,https://pubmed.ncbi.nlm.nih.gov/23576500/
32291299,https://pubmed.ncbi.nlm.nih.gov/32291299/
28174309,https://pubmed.ncbi.nlm.nih.gov/28174309/
31467282,https://pubmed.ncbi.nlm.nih.gov/31467282/
32605167,https://pubmed.ncbi.nlm.nih.gov/32605167/
22281498,https://pubmed.ncbi.nlm.nih.gov/22281498/
32981479,https://pubmed.ncbi.nlm.nih.gov/32981479/
19793813,https://pubmed.ncbi.nlm.nih.gov/19793813/
34316455,https://pubmed.ncbi.nlm.nih.gov/34316455/
15557235,https://pubmed.ncbi.nlm.nih.gov/15557235/
10954537,https://pubmed.ncbi.nlm.nih.gov/10954537/
16569847,https://pubmed.ncbi.nlm.nih.gov/16569847/
30602529,https://pubmed.ncbi.nlm.nih.gov/30602529/
26059780,https://pubmed.ncbi.nlm.nih.gov/26059780/
29752023,https://pubmed.ncbi.nlm.nih.gov/29752023/
33493202,https://pubmed.ncbi.nlm.nih.gov/33493202/
23978258,https://pubmed.ncbi.nlm.nih.gov/23978258/
16699025,https://pubmed.ncbi.nlm.nih.gov/16699025/
38257815,https://pubmed.ncbi.nlm.nih.gov/38257815/
20553610,https://pubmed.ncbi.nlm.nih.gov/20553610/
32130369,https://pubmed.ncbi.nlm.nih.gov/32130369/
22454496,https://pubmed.ncbi.nlm.nih.gov/22454496/
19923450,https://pubmed.ncbi.nlm.nih.gov/19923450/
32933138,https://pubmed.ncbi.nlm.nih.gov/32933138/
15890901,https://pubmed.ncbi.nlm.nih.gov/15890901/
15795296,https://pubmed.ncbi.nlm.nih.gov/15795296/
24451189,https://pubmed.ncbi.nlm.nih.gov/24451189/
35834589,https://pubmed.ncbi.nlm.nih.gov/35834589/
24307589,https://pubmed.ncbi.nlm.nih.gov/24307589/
10964773,https://pubmed.ncbi.nlm.nih.gov/10964773/
38053139,https://pubmed.ncbi.nlm.nih.gov/38053139/
27581807,https://pubmed.ncbi.nlm.nih.gov/27581807/
31524580,https://pubmed.ncbi.nlm.nih.gov/31524580/
21865382,https://pubmed.ncbi.nlm.nih.gov/21865382/
11483726,https://pubmed.ncbi.nlm.nih.gov/11483726/
26032420,https://pubmed.ncbi.nlm.nih.gov/26032420/
25412261,https://pubmed.ncbi.nlm.nih.gov/25412261/
31143369,https://pubmed.ncbi.nlm.nih.gov/31143369/
28228593,https://pubmed.ncbi.nlm.nih.gov/28228593/
3039728,https://pubmed.ncbi.nlm.nih.gov/3039728/
32464166,https://pubmed.ncbi.nlm.nih.gov/32464166/
21471248,https://pubmed.ncbi.nlm.nih.gov/21471248/
17715228,https://pubmed.ncbi.nlm.nih.gov/17715228/
17459925,https://pubmed.ncbi.nlm.nih.gov/17459925/
19450550,https://pubmed.ncbi.nlm.nih.gov/19450550/
28725041,https://pubmed.ncbi.nlm.nih.gov/28725041/
31273220,https://pubmed.ncbi.nlm.nih.gov/31273220/
27343150,https://pubmed.ncbi.nlm.nih.gov/27343150/
27556644,https://pubmed.ncbi.nlm.nih.gov/27556644/
26138103,https://pubmed.ncbi.nlm.nih.gov/26138103/
27380892,https://pubmed.ncbi.nlm.nih.gov/27380892/
26221025,https://pubmed.ncbi.nlm.nih.gov/26221025/
38273521,https://pubmed.ncbi.nlm.nih.gov/38273521/
28916719,https://pubmed.ncbi.nlm.nih.gov/28916719/
21507975,https://pubmed.ncbi.nlm.nih.gov/21507975/
18041028,https://pubmed.ncbi.nlm.nih.gov/18041028/
28558030,https://pubmed.ncbi.nlm.nih.gov/28558030/
25171719,https://pubmed.ncbi.nlm.nih.gov/25171719/
26514826,https://pubmed.ncbi.nlm.nih.gov/26514826/
21356105,https://pubmed.ncbi.nlm.nih.gov/21356105/
29902443,https://pubmed.ncbi.nlm.nih.gov/29902443/
19793816,https://pubmed.ncbi.nlm.nih.gov/19793816/
7871753,https://pubmed.ncbi.nlm.nih.gov/7871753/
24342140,https://pubmed.ncbi.nlm.nih.gov/24342140/
29367852,https://pubmed.ncbi.nlm.nih.gov/29367852/
22848770,https://pubmed.ncbi.nlm.nih.gov/22848770/
16882970,https://pubmed.ncbi.nlm.nih.gov/16882970/
23072882,https://pubmed.ncbi.nlm.nih.gov/23072882/
31516121,https://pubmed.ncbi.nlm.nih.gov/31516121/
27334920,https://pubmed.ncbi.nlm.nih.gov/27334920/
26515795,https://pubmed.ncbi.nlm.nih.gov/26515795/
23089253,https://pubmed.ncbi.nlm.nih.gov/23089253/
28216632,https://pubmed.ncbi.nlm.nih.gov/28216632/
18498627,https://pubmed.ncbi.nlm.nih.gov/18498627/
28755304,https://pubmed.ncbi.nlm.nih.gov/28755304/
33743891,https://pubmed.ncbi.nlm.nih.gov/33743891/
27301568,https://pubmed.ncbi.nlm.nih.gov/27301568/
18272578,https://pubmed.ncbi.nlm.nih.gov/18272578/
26154890,https://pubmed.ncbi.nlm.nih.gov/26154890/
28456663,https://pubmed.ncbi.nlm.nih.gov/28456663/
27185466,https://pubmed.ncbi.nlm.nih.gov/27185466/
26923481,https://pubmed.ncbi.nlm.nih.gov/26923481/
19382257,https://pubmed.ncbi.nlm.nih.gov/19382257/
7586676,https://pubmed.ncbi.nlm.nih.gov/7586676/
26889027,https://pubmed.ncbi.nlm.nih.gov/26889027/
23350007,https://pubmed.ncbi.nlm.nih.gov/23350007/
12692244,https://pubmed.ncbi.nlm.nih.gov/12692244/
20858223,https://pubmed.ncbi.nlm.nih.gov/20858223/
24044366,https://pubmed.ncbi.nlm.nih.gov/24044366/
24855065,https://pubmed.ncbi.nlm.nih.gov/24855065/
18768985,https://pubmed.ncbi.nlm.nih.gov/18768985/
17626087,https://pubmed.ncbi.nlm.nih.gov/17626087/
7637011,https://pubmed.ncbi.nlm.nih.gov/7637011/
27489280,https://pubmed.ncbi.nlm.nih.gov/27489280/
2829420,https://pubmed.ncbi.nlm.nih.gov/2829420/
21135505,https://pubmed.ncbi.nlm.nih.gov/21135505/
15308723,https://pubmed.ncbi.nlm.nih.gov/15308723/
17622625,https://pubmed.ncbi.nlm.nih.gov/17622625/
23939980,https://pubmed.ncbi.nlm.nih.gov/23939980/
38280436,https://pubmed.ncbi.nlm.nih.gov/38280436/
23055924,https://pubmed.ncbi.nlm.nih.gov/23055924/
18160988,https://pubmed.ncbi.nlm.nih.gov/18160988/
11546770,https://pubmed.ncbi.nlm.nih.gov/11546770/
17537211,https://pubmed.ncbi.nlm.nih.gov/17537211/
7983769,https://pubmed.ncbi.nlm.nih.gov/7983769/
17942558,https://pubmed.ncbi.nlm.nih.gov/17942558/
17276984,https://pubmed.ncbi.nlm.nih.gov/17276984/
20660196,https://pubmed.ncbi.nlm.nih.gov/20660196/
21473061,https://pubmed.ncbi.nlm.nih.gov/21473061/
10590151,https://pubmed.ncbi.nlm.nih.gov/10590151/
18252258,https://pubmed.ncbi.nlm.nih.gov/18252258/
24736001,https://pubmed.ncbi.nlm.nih.gov/24736001/
6832818,https://pubmed.ncbi.nlm.nih.gov/6832818/
24223959,https://pubmed.ncbi.nlm.nih.gov/24223959/
10233920,https://pubmed.ncbi.nlm.nih.gov/10233920/
18455750,https://pubmed.ncbi.nlm.nih.gov/18455750/
28632829,https://pubmed.ncbi.nlm.nih.gov/28632829/
15659760,https://pubmed.ncbi.nlm.nih.gov/15659760/
10901857,https://pubmed.ncbi.nlm.nih.gov/10901857/
17289102,https://pubmed.ncbi.nlm.nih.gov/17289102/
4673822,https://pubmed.ncbi.nlm.nih.gov/4673822/
4067585,https://pubmed.ncbi.nlm.nih.gov/4067585/
32522239,https://pubmed.ncbi.nlm.nih.gov/32522239/
29844387,https://pubmed.ncbi.nlm.nih.gov/29844387/
27233361,https://pubmed.ncbi.nlm.nih.gov/27233361/
29233744,https://pubmed.ncbi.nlm.nih.gov/29233744/
21329491,https://pubmed.ncbi.nlm.nih.gov/21329491/
37169861,https://pubmed.ncbi.nlm.nih.gov/37169861/
22761364,https://pubmed.ncbi.nlm.nih.gov/22761364/
29354101,https://pubmed.ncbi.nlm.nih.gov/29354101/
31384002,https://pubmed.ncbi.nlm.nih.gov/31384002/
38149274,https://pubmed.ncbi.nlm.nih.gov/38149274/
18610556,https://pubmed.ncbi.nlm.nih.gov/18610556/
32066486,https://pubmed.ncbi.nlm.nih.gov/32066486/
33731458,https://pubmed.ncbi.nlm.nih.gov/33731458/
26085147,https://pubmed.ncbi.nlm.nih.gov/26085147/
27023634,https://pubmed.ncbi.nlm.nih.gov/27023634/
34088676,https://pubmed.ncbi.nlm.nih.gov/34088676/
27773535,https://pubmed.ncbi.nlm.nih.gov/27773535/
34873063,https://pubmed.ncbi.nlm.nih.gov/34873063/
28152048,https://pubmed.ncbi.nlm.nih.gov/28152048/
31121217,https://pubmed.ncbi.nlm.nih.gov/31121217/
38140109,https://pubmed.ncbi.nlm.nih.gov/38140109/
29288700,https://pubmed.ncbi.nlm.nih.gov/29288700/
35876869,https://pubmed.ncbi.nlm.nih.gov/35876869/
36764470,https://pubmed.ncbi.nlm.nih.gov/36764470/
27337592,https://pubmed.ncbi.nlm.nih.gov/27337592/
38168091,https://pubmed.ncbi.nlm.nih.gov/38168091/
29505618,https://pubmed.ncbi.nlm.nih.gov/29505618/
34853448,https://pubmed.ncbi.nlm.nih.gov/34853448/
34174187,https://pubmed.ncbi.nlm.nih.gov/34174187/
33129952,https://pubmed.ncbi.nlm.nih.gov/33129952/
27792906,https://pubmed.ncbi.nlm.nih.gov/27792906/
29211244,https://pubmed.ncbi.nlm.nih.gov/29211244/
22569913,https://pubmed.ncbi.nlm.nih.gov/22569913/
31810760,https://pubmed.ncbi.nlm.nih.gov/31810760/
35607830,https://pubmed.ncbi.nlm.nih.gov/35607830/
36159640,https://pubmed.ncbi.nlm.nih.gov/36159640/
22500137,https://pubmed.ncbi.nlm.nih.gov/22500137/
32779243,https://pubmed.ncbi.nlm.nih.gov/32779243/
34420583,https://pubmed.ncbi.nlm.nih.gov/34420583/
24590566,https://pubmed.ncbi.nlm.nih.gov/24590566/
34968791,https://pubmed.ncbi.nlm.nih.gov/34968791/
19837110,https://pubmed.ncbi.nlm.nih.gov/19837110/
35252461,https://pubmed.ncbi.nlm.nih.gov/35252461/
34054842,https://pubmed.ncbi.nlm.nih.gov/34054842/
34603272,https://pubmed.ncbi.nlm.nih.gov/34603272/
26515795,https://pubmed.ncbi.nlm.nih.gov/26515795/
31200426,https://pubmed.ncbi.nlm.nih.gov/31200426/
23153447,https://pubmed.ncbi.nlm.nih.gov/23153447/
28755304,https://pubmed.ncbi.nlm.nih.gov/28755304/
35719399,https://pubmed.ncbi.nlm.nih.gov/35719399/
34745123,https://pubmed.ncbi.nlm.nih.gov/34745123/
33330133,https://pubmed.ncbi.nlm.nih.gov/33330133/
28082120,https://pubmed.ncbi.nlm.nih.gov/28082120/
28446670,https://pubmed.ncbi.nlm.nih.gov/28446670/
36537797,https://pubmed.ncbi.nlm.nih.gov/36537797/
30404221,https://pubmed.ncbi.nlm.nih.gov/30404221/
30450339,https://pubmed.ncbi.nlm.nih.gov/30450339/
34634046,https://pubmed.ncbi.nlm.nih.gov/34634046/
31898495,https://pubmed.ncbi.nlm.nih.gov/31898495/
30274199,https://pubmed.ncbi.nlm.nih.gov/30274199/
21723841,https://pubmed.ncbi.nlm.nih.gov/21723841/
29570783,https://pubmed.ncbi.nlm.nih.gov/29570783/
31652496,https://pubmed.ncbi.nlm.nih.gov/31652496/
35512569,https://pubmed.ncbi.nlm.nih.gov/35512569/
31726064,https://pubmed.ncbi.nlm.nih.gov/31726064/
24632711,https://pubmed.ncbi.nlm.nih.gov/24632711/
31234348,https://pubmed.ncbi.nlm.nih.gov/31234348/
29632536,https://pubmed.ncbi.nlm.nih.gov/29632536/
38170025,https://pubmed.ncbi.nlm.nih.gov/38170025/
22916008,https://pubmed.ncbi.nlm.nih.gov/22916008/
30986216,https://pubmed.ncbi.nlm.nih.gov/30986216/
37094077,https://pubmed.ncbi.nlm.nih.gov/37094077/
32663907,https://pubmed.ncbi.nlm.nih.gov/32663907/
32870735,https://pubmed.ncbi.nlm.nih.gov/32870735/
29345577,https://pubmed.ncbi.nlm.nih.gov/29345577/
35652656,https://pubmed.ncbi.nlm.nih.gov/35652656/
38400018,https://pubmed.ncbi.nlm.nih.gov/38400018/
22706109,https://pubmed.ncbi.nlm.nih.gov/22706109/
36445148,https://pubmed.ncbi.nlm.nih.gov/36445148/
23545497,https://pubmed.ncbi.nlm.nih.gov/23545497/
24447863,https://pubmed.ncbi.nlm.nih.gov/24447863/
25043586,https://pubmed.ncbi.nlm.nih.gov/25043586/
25102029,https://pubmed.ncbi.nlm.nih.gov/25102029/
35679279,https://pubmed.ncbi.nlm.nih.gov/35679279/
25872531,https://pubmed.ncbi.nlm.nih.gov/25872531/
30342007,https://pubmed.ncbi.nlm.nih.gov/30342007/
22479521,https://pubmed.ncbi.nlm.nih.gov/22479521/
18604274,https://pubmed.ncbi.nlm.nih.gov/18604274/
31344594,https://pubmed.ncbi.nlm.nih.gov/31344594/
35850625,https://pubmed.ncbi.nlm.nih.gov/35850625/
25521078,https://pubmed.ncbi.nlm.nih.gov/25521078/
32421713,https://pubmed.ncbi.nlm.nih.gov/32421713/
20883967,https://pubmed.ncbi.nlm.nih.gov/20883967/
25041739,https://pubmed.ncbi.nlm.nih.gov/25041739/
16897658,https://pubmed.ncbi.nlm.nih.gov/16897658/
33925089,https://pubmed.ncbi.nlm.nih.gov/33925089/
26018150,https://pubmed.ncbi.nlm.nih.gov/26018150/
30157886,https://pubmed.ncbi.nlm.nih.gov/30157886/
32524212,https://pubmed.ncbi.nlm.nih.gov/32524212/
24198426,https://pubmed.ncbi.nlm.nih.gov/24198426/
34960717,https://pubmed.ncbi.nlm.nih.gov/34960717/
19134117,https://pubmed.ncbi.nlm.nih.gov/19134117/
31758375,https://pubmed.ncbi.nlm.nih.gov/31758375/
28228593,https://pubmed.ncbi.nlm.nih.gov/28228593/
20585645,https://pubmed.ncbi.nlm.nih.gov/20585645/
24911151,https://pubmed.ncbi.nlm.nih.gov/24911151/
29020226,https://pubmed.ncbi.nlm.nih.gov/29020226/
38188518,https://pubmed.ncbi.nlm.nih.gov/38188518/
34735113,https://pubmed.ncbi.nlm.nih.gov/34735113/
29109710,https://pubmed.ncbi.nlm.nih.gov/29109710/
19214215,https://pubmed.ncbi.nlm.nih.gov/19214215/
31155293,https://pubmed.ncbi.nlm.nih.gov/31155293/
18361938,https://pubmed.ncbi.nlm.nih.gov/18361938/
21642539,https://pubmed.ncbi.nlm.nih.gov/21642539/
25015827,https://pubmed.ncbi.nlm.nih.gov/25015827/
28764795,https://pubmed.ncbi.nlm.nih.gov/28764795/
25589636,https://pubmed.ncbi.nlm.nih.gov/25589636/
21135505,https://pubmed.ncbi.nlm.nih.gov/21135505/
29020083,https://pubmed.ncbi.nlm.nih.gov/29020083/
24792753,https://pubmed.ncbi.nlm.nih.gov/24792753/
28955845,https://pubmed.ncbi.nlm.nih.gov/28955845/
28824886,https://pubmed.ncbi.nlm.nih.gov/28824886/
26735137,https://pubmed.ncbi.nlm.nih.gov/26735137/
24135719,https://pubmed.ncbi.nlm.nih.gov/24135719/
34610125,https://pubmed.ncbi.nlm.nih.gov/34610125/
21192942,https://pubmed.ncbi.nlm.nih.gov/21192942/
21450836,https://pubmed.ncbi.nlm.nih.gov/21450836/
28878076,https://pubmed.ncbi.nlm.nih.gov/28878076/
33397841,https://pubmed.ncbi.nlm.nih.gov/33397841/
27180198,https://pubmed.ncbi.nlm.nih.gov/27180198/
26541871,https://pubmed.ncbi.nlm.nih.gov/26541871/
24237456,https://pubmed.ncbi.nlm.nih.gov/24237456/
18570970,https://pubmed.ncbi.nlm.nih.gov/18570970/
24693489,https://pubmed.ncbi.nlm.nih.gov/24693489/
27135915,https://pubmed.ncbi.nlm.nih.gov/27135915/
28148804,https://pubmed.ncbi.nlm.nih.gov/28148804/
33396899,https://pubmed.ncbi.nlm.nih.gov/33396899/
35074468,https://pubmed.ncbi.nlm.nih.gov/35074468/
34230929,https://pubmed.ncbi.nlm.nih.gov/34230929/
34845981,https://pubmed.ncbi.nlm.nih.gov/34845981/
34408324,https://pubmed.ncbi.nlm.nih.gov/34408324/
27431377,https://pubmed.ncbi.nlm.nih.gov/27431377/
35266803,https://pubmed.ncbi.nlm.nih.gov/35266803/
26850219,https://pubmed.ncbi.nlm.nih.gov/26850219/
28207988,https://pubmed.ncbi.nlm.nih.gov/28207988/
19141455,https://pubmed.ncbi.nlm.nih.gov/19141455/
28077444,https://pubmed.ncbi.nlm.nih.gov/28077444/
27773535,https://pubmed.ncbi.nlm.nih.gov/27773535/
24930603,https://pubmed.ncbi.nlm.nih.gov/24930603/
20452379,https://pubmed.ncbi.nlm.nih.gov/20452379/
35955738,https://pubmed.ncbi.nlm.nih.gov/35955738/
34468189,https://pubmed.ncbi.nlm.nih.gov/34468189/
28446670,https://pubmed.ncbi.nlm.nih.gov/28446670/
29678952,https://pubmed.ncbi.nlm.nih.gov/29678952/
19380576,https://pubmed.ncbi.nlm.nih.gov/19380576/
37796112,https://pubmed.ncbi.nlm.nih.gov/37796112/
27575636,https://pubmed.ncbi.nlm.nih.gov/27575636/
25629430,https://pubmed.ncbi.nlm.nih.gov/25629430/
28074025,https://pubmed.ncbi.nlm.nih.gov/28074025/
34200500,https://pubmed.ncbi.nlm.nih.gov/34200500/
27706675,https://pubmed.ncbi.nlm.nih.gov/27706675/
29321322,https://pubmed.ncbi.nlm.nih.gov/29321322/
35181476,https://pubmed.ncbi.nlm.nih.gov/35181476/
19272179,https://pubmed.ncbi.nlm.nih.gov/19272179/
34870992,https://pubmed.ncbi.nlm.nih.gov/34870992/
34031250,https://pubmed.ncbi.nlm.nih.gov/34031250/
34643435,https://pubmed.ncbi.nlm.nih.gov/34643435/
15084397,https://pubmed.ncbi.nlm.nih.gov/15084397/
33299552,https://pubmed.ncbi.nlm.nih.gov/33299552/
26669909,https://pubmed.ncbi.nlm.nih.gov/26669909/
34880409,https://pubmed.ncbi.nlm.nih.gov/34880409/
30224801,https://pubmed.ncbi.nlm.nih.gov/30224801/
19264601,https://pubmed.ncbi.nlm.nih.gov/19264601/
32848034,https://pubmed.ncbi.nlm.nih.gov/32848034/
31461934,https://pubmed.ncbi.nlm.nih.gov/31461934/
28826723,https://pubmed.ncbi.nlm.nih.gov/28826723/
32737386,https://pubmed.ncbi.nlm.nih.gov/32737386/
28264033,https://pubmed.ncbi.nlm.nih.gov/28264033/
31519749,https://pubmed.ncbi.nlm.nih.gov/31519749/
32123831,https://pubmed.ncbi.nlm.nih.gov/32123831/
25313218,https://pubmed.ncbi.nlm.nih.gov/25313218/
32380717,https://pubmed.ncbi.nlm.nih.gov/32380717/
26719940,https://pubmed.ncbi.nlm.nih.gov/26719940/
24192777,https://pubmed.ncbi.nlm.nih.gov/24192777/
26331679,https://pubmed.ncbi.nlm.nih.gov/26331679/
33610792,https://pubmed.ncbi.nlm.nih.gov/33610792/
26789921,https://pubmed.ncbi.nlm.nih.gov/26789921/
22014111,https://pubmed.ncbi.nlm.nih.gov/22014111/
24136289,https://pubmed.ncbi.nlm.nih.gov/24136289/
32712372,https://pubmed.ncbi.nlm.nih.gov/32712372/
31358863,https://pubmed.ncbi.nlm.nih.gov/31358863/
24696471,https://pubmed.ncbi.nlm.nih.gov/24696471/
26914027,https://pubmed.ncbi.nlm.nih.gov/26914027/
28791613,https://pubmed.ncbi.nlm.nih.gov/28791613/
33328308,https://pubmed.ncbi.nlm.nih.gov/33328308/
23516652,https://pubmed.ncbi.nlm.nih.gov/23516652/
20980673,https://pubmed.ncbi.nlm.nih.gov/20980673/
25825721,https://pubmed.ncbi.nlm.nih.gov/25825721/
23010928,https://pubmed.ncbi.nlm.nih.gov/23010928/
27489280,https://pubmed.ncbi.nlm.nih.gov/27489280/
20949067,https://pubmed.ncbi.nlm.nih.gov/20949067/
31810760,https://pubmed.ncbi.nlm.nih.gov/31810760/
34553486,https://pubmed.ncbi.nlm.nih.gov/34553486/
30952515,https://pubmed.ncbi.nlm.nih.gov/30952515/
35685361,https://pubmed.ncbi.nlm.nih.gov/35685361/
33841381,https://pubmed.ncbi.nlm.nih.gov/33841381/
36971141,https://pubmed.ncbi.nlm.nih.gov/36971141/
36702393,https://pubmed.ncbi.nlm.nih.gov/36702393/
28846635,https://pubmed.ncbi.nlm.nih.gov/28846635/
30564245,https://pubmed.ncbi.nlm.nih.gov/30564245/
32152893,https://pubmed.ncbi.nlm.nih.gov/32152893/
29733947,https://pubmed.ncbi.nlm.nih.gov/29733947/
33194836,https://pubmed.ncbi.nlm.nih.gov/33194836/
35632732,https://pubmed.ncbi.nlm.nih.gov/35632732/
30563082,https://pubmed.ncbi.nlm.nih.gov/30563082/
37515055,https://pubmed.ncbi.nlm.nih.gov/37515055/
34513730,https://pubmed.ncbi.nlm.nih.gov/34513730/
33968023,https://pubmed.ncbi.nlm.nih.gov/33968023/
29761622,https://pubmed.ncbi.nlm.nih.gov/29761622/
28072517,https://pubmed.ncbi.nlm.nih.gov/28072517/
28437586,https://pubmed.ncbi.nlm.nih.gov/28437586/
27885488,https://pubmed.ncbi.nlm.nih.gov/27885488/
33816326,https://pubmed.ncbi.nlm.nih.gov/33816326/
32903536,https://pubmed.ncbi.nlm.nih.gov/32903536/
25140166,https://pubmed.ncbi.nlm.nih.gov/25140166/
36197108,https://pubmed.ncbi.nlm.nih.gov/36197108/
28840835,https://pubmed.ncbi.nlm.nih.gov/28840835/
30274199,https://pubmed.ncbi.nlm.nih.gov/30274199/
36288050,https://pubmed.ncbi.nlm.nih.gov/36288050/
31898495,https://pubmed.ncbi.nlm.nih.gov/31898495/
22590678,https://pubmed.ncbi.nlm.nih.gov/22590678/
27651116,https://pubmed.ncbi.nlm.nih.gov/27651116/
19802576,https://pubmed.ncbi.nlm.nih.gov/19802576/
30564270,https://pubmed.ncbi.nlm.nih.gov/30564270/
29880709,https://pubmed.ncbi.nlm.nih.gov/29880709/
23383040,https://pubmed.ncbi.nlm.nih.gov/23383040/
35766188,https://pubmed.ncbi.nlm.nih.gov/35766188/
34858979,https://pubmed.ncbi.nlm.nih.gov/34858979/
24316047,https://pubmed.ncbi.nlm.nih.gov/24316047/
29447178,https://pubmed.ncbi.nlm.nih.gov/29447178/
22998156,https://pubmed.ncbi.nlm.nih.gov/22998156/
15827155,https://pubmed.ncbi.nlm.nih.gov/15827155/
35254825,https://pubmed.ncbi.nlm.nih.gov/35254825/
32340578,https://pubmed.ncbi.nlm.nih.gov/32340578/
31141684,https://pubmed.ncbi.nlm.nih.gov/31141684/
34695457,https://pubmed.ncbi.nlm.nih.gov/34695457/
36042495,https://pubmed.ncbi.nlm.nih.gov/36042495/
33102253,https://pubmed.ncbi.nlm.nih.gov/33102253/
19540887,https://pubmed.ncbi.nlm.nih.gov/19540887/
30267240,https://pubmed.ncbi.nlm.nih.gov/30267240/
27792906,https://pubmed.ncbi.nlm.nih.gov/27792906/
35719399,https://pubmed.ncbi.nlm.nih.gov/35719399/
24917859,https://pubmed.ncbi.nlm.nih.gov/24917859/
37337232,https://pubmed.ncbi.nlm.nih.gov/37337232/
37517582,https://pubmed.ncbi.nlm.nih.gov/37517582/
36479619,https://pubmed.ncbi.nlm.nih.gov/36479619/
33193365,https://pubmed.ncbi.nlm.nih.gov/33193365/
33904816,https://pubmed.ncbi.nlm.nih.gov/33904816/
28273394,https://pubmed.ncbi.nlm.nih.gov/28273394/
28273893,https://pubmed.ncbi.nlm.nih.gov/28273893/
20079370,https://pubmed.ncbi.nlm.nih.gov/20079370/
33234246,https://pubmed.ncbi.nlm.nih.gov/33234246/
37969204,https://pubmed.ncbi.nlm.nih.gov/37969204/
25968648,https://pubmed.ncbi.nlm.nih.gov/25968648/
29358114,https://pubmed.ncbi.nlm.nih.gov/29358114/
21047664,https://pubmed.ncbi.nlm.nih.gov/21047664/
28338050,https://pubmed.ncbi.nlm.nih.gov/28338050/
29443540,https://pubmed.ncbi.nlm.nih.gov/29443540/
33723515,https://pubmed.ncbi.nlm.nih.gov/33723515/
29900506,https://pubmed.ncbi.nlm.nih.gov/29900506/
25966194,https://pubmed.ncbi.nlm.nih.gov/25966194/
33445640,https://pubmed.ncbi.nlm.nih.gov/33445640/
37716670,https://pubmed.ncbi.nlm.nih.gov/37716670/
32866199,https://pubmed.ncbi.nlm.nih.gov/32866199/
38149274,https://pubmed.ncbi.nlm.nih.gov/38149274/
28965915,https://pubmed.ncbi.nlm.nih.gov/28965915/
33095767,https://pubmed.ncbi.nlm.nih.gov/33095767/
37795081,https://pubmed.ncbi.nlm.nih.gov/37795081/
38368353,https://pubmed.ncbi.nlm.nih.gov/38368353/
37227282,https://pubmed.ncbi.nlm.nih.gov/37227282/
27551771,https://pubmed.ncbi.nlm.nih.gov/27551771/
28825144,https://pubmed.ncbi.nlm.nih.gov/28825144/
38031996,https://pubmed.ncbi.nlm.nih.gov/38031996/
33671824,https://pubmed.ncbi.nlm.nih.gov/33671824/
20886187,https://pubmed.ncbi.nlm.nih.gov/20886187/
29505577,https://pubmed.ncbi.nlm.nih.gov/29505577/
34017322,https://pubmed.ncbi.nlm.nih.gov/34017322/
34778101,https://pubmed.ncbi.nlm.nih.gov/34778101/
26199460,https://pubmed.ncbi.nlm.nih.gov/26199460/
25412261,https://pubmed.ncbi.nlm.nih.gov/25412261/
26938301,https://pubmed.ncbi.nlm.nih.gov/26938301/
35452674,https://pubmed.ncbi.nlm.nih.gov/35452674/
24314632,https://pubmed.ncbi.nlm.nih.gov/24314632/
36475764,https://pubmed.ncbi.nlm.nih.gov/36475764/
36441781,https://pubmed.ncbi.nlm.nih.gov/36441781/
26423946,https://pubmed.ncbi.nlm.nih.gov/26423946/
28148804,https://pubmed.ncbi.nlm.nih.gov/28148804/
32848034,https://pubmed.ncbi.nlm.nih.gov/32848034/
34699307,https://pubmed.ncbi.nlm.nih.gov/34699307/
28465426,https://pubmed.ncbi.nlm.nih.gov/28465426/
36629424,https://pubmed.ncbi.nlm.nih.gov/36629424/
26717518,https://pubmed.ncbi.nlm.nih.gov/26717518/
24599995,https://pubmed.ncbi.nlm.nih.gov/24599995/
34777354,https://pubmed.ncbi.nlm.nih.gov/34777354/
26411318,https://pubmed.ncbi.nlm.nih.gov/26411318/
21358811,https://pubmed.ncbi.nlm.nih.gov/21358811/
30670689,https://pubmed.ncbi.nlm.nih.gov/30670689/
25555378,https://pubmed.ncbi.nlm.nih.gov/25555378/
35752384,https://pubmed.ncbi.nlm.nih.gov/35752384/
27456172,https://pubmed.ncbi.nlm.nih.gov/27456172/
38400022,https://pubmed.ncbi.nlm.nih.gov/38400022/
38076406,https://pubmed.ncbi.nlm.nih.gov/38076406/
36973608,https://pubmed.ncbi.nlm.nih.gov/36973608/
28855396,https://pubmed.ncbi.nlm.nih.gov/28855396/
34116207,https://pubmed.ncbi.nlm.nih.gov/34116207/
16148142,https://pubmed.ncbi.nlm.nih.gov/16148142/
32850477,https://pubmed.ncbi.nlm.nih.gov/32850477/
36685392,https://pubmed.ncbi.nlm.nih.gov/36685392/
25321315,https://pubmed.ncbi.nlm.nih.gov/25321315/
29880853,https://pubmed.ncbi.nlm.nih.gov/29880853/
38029965,https://pubmed.ncbi.nlm.nih.gov/38029965/
34022257,https://pubmed.ncbi.nlm.nih.gov/34022257/
35477320,https://pubmed.ncbi.nlm.nih.gov/35477320/
34918393,https://pubmed.ncbi.nlm.nih.gov/34918393/
32870735,https://pubmed.ncbi.nlm.nih.gov/32870735/
26656738,https://pubmed.ncbi.nlm.nih.gov/26656738/
30476206,https://pubmed.ncbi.nlm.nih.gov/30476206/
31155293,https://pubmed.ncbi.nlm.nih.gov/31155293/
18449425,https://pubmed.ncbi.nlm.nih.gov/18449425/
31043530,https://pubmed.ncbi.nlm.nih.gov/31043530/
24671231,https://pubmed.ncbi.nlm.nih.gov/24671231/
32125695,https://pubmed.ncbi.nlm.nih.gov/32125695/
35667565,https://pubmed.ncbi.nlm.nih.gov/35667565/
31922712,https://pubmed.ncbi.nlm.nih.gov/31922712/
19862774,https://pubmed.ncbi.nlm.nih.gov/19862774/
33060596,https://pubmed.ncbi.nlm.nih.gov/33060596/
31722209,https://pubmed.ncbi.nlm.nih.gov/31722209/
35985476,https://pubmed.ncbi.nlm.nih.gov/35985476/
24034452,https://pubmed.ncbi.nlm.nih.gov/24034452/
21075352,https://pubmed.ncbi.nlm.nih.gov/21075352/
17319166,https://pubmed.ncbi.nlm.nih.gov/17319166/
29686974,https://pubmed.ncbi.nlm.nih.gov/29686974/
26889037,https://pubmed.ncbi.nlm.nih.gov/26889037/
36587218,https://pubmed.ncbi.nlm.nih.gov/36587218/
34939557,https://pubmed.ncbi.nlm.nih.gov/34939557/
34020328,https://pubmed.ncbi.nlm.nih.gov/34020328/
34379517,https://pubmed.ncbi.nlm.nih.gov/34379517/
29323257,https://pubmed.ncbi.nlm.nih.gov/29323257/
33352639,https://pubmed.ncbi.nlm.nih.gov/33352639/
30157886,https://pubmed.ncbi.nlm.nih.gov/30157886/
19897220,https://pubmed.ncbi.nlm.nih.gov/19897220/
34142025,https://pubmed.ncbi.nlm.nih.gov/34142025/
35159341,https://pubmed.ncbi.nlm.nih.gov/35159341/
19837110,https://pubmed.ncbi.nlm.nih.gov/19837110/
18393288,https://pubmed.ncbi.nlm.nih.gov/18393288/
26231035,https://pubmed.ncbi.nlm.nih.gov/26231035/
29447265,https://pubmed.ncbi.nlm.nih.gov/29447265/
34146894,https://pubmed.ncbi.nlm.nih.gov/34146894/
23940278,https://pubmed.ncbi.nlm.nih.gov/23940278/
26572220,https://pubmed.ncbi.nlm.nih.gov/26572220/
30125275,https://pubmed.ncbi.nlm.nih.gov/30125275/
33980888,https://pubmed.ncbi.nlm.nih.gov/33980888/
28755304,https://pubmed.ncbi.nlm.nih.gov/28755304/
28620207,https://pubmed.ncbi.nlm.nih.gov/28620207/
33626545,https://pubmed.ncbi.nlm.nih.gov/33626545/
35923800,https://pubmed.ncbi.nlm.nih.gov/35923800/
31040840,https://pubmed.ncbi.nlm.nih.gov/31040840/
33157356,https://pubmed.ncbi.nlm.nih.gov/33157356/
27546535,https://pubmed.ncbi.nlm.nih.gov/27546535/
26325027,https://pubmed.ncbi.nlm.nih.gov/26325027/
20718508,https://pubmed.ncbi.nlm.nih.gov/20718508/
29983385,https://pubmed.ncbi.nlm.nih.gov/29983385/
31632411,https://pubmed.ncbi.nlm.nih.gov/31632411/
36609616,https://pubmed.ncbi.nlm.nih.gov/36609616/
28764923,https://pubmed.ncbi.nlm.nih.gov/28764923/
27023634,https://pubmed.ncbi.nlm.nih.gov/27023634/
26676770,https://pubmed.ncbi.nlm.nih.gov/26676770/
27618709,https://pubmed.ncbi.nlm.nih.gov/27618709/
34378951,https://pubmed.ncbi.nlm.nih.gov/34378951/
30639520,https://pubmed.ncbi.nlm.nih.gov/30639520/
20973722,https://pubmed.ncbi.nlm.nih.gov/20973722/
36168031,https://pubmed.ncbi.nlm.nih.gov/36168031/
29915078,https://pubmed.ncbi.nlm.nih.gov/29915078/
29505169,https://pubmed.ncbi.nlm.nih.gov/29505169/
17888185,https://pubmed.ncbi.nlm.nih.gov/17888185/
17913827,https://pubmed.ncbi.nlm.nih.gov/17913827/
29685890,https://pubmed.ncbi.nlm.nih.gov/29685890/
20554300,https://pubmed.ncbi.nlm.nih.gov/20554300/
31375586,https://pubmed.ncbi.nlm.nih.gov/31375586/
31729469,https://pubmed.ncbi.nlm.nih.gov/31729469/
32733407,https://pubmed.ncbi.nlm.nih.gov/32733407/
33591970,https://pubmed.ncbi.nlm.nih.gov/33591970/
30130602,https://pubmed.ncbi.nlm.nih.gov/30130602/
31743714,https://pubmed.ncbi.nlm.nih.gov/31743714/
23408610,https://pubmed.ncbi.nlm.nih.gov/23408610/
34310658,https://pubmed.ncbi.nlm.nih.gov/34310658/
26032420,https://pubmed.ncbi.nlm.nih.gov/26032420/
28455958,https://pubmed.ncbi.nlm.nih.gov/28455958/
25349401,https://pubmed.ncbi.nlm.nih.gov/25349401/
23654248,https://pubmed.ncbi.nlm.nih.gov/23654248/
29046459,https://pubmed.ncbi.nlm.nih.gov/29046459/
27890856,https://pubmed.ncbi.nlm.nih.gov/27890856/
10928995,https://pubmed.ncbi.nlm.nih.gov/10928995/
21320786,https://pubmed.ncbi.nlm.nih.gov/21320786/
26226614,https://pubmed.ncbi.nlm.nih.gov/26226614/
32130369,https://pubmed.ncbi.nlm.nih.gov/32130369/
21845515,https://pubmed.ncbi.nlm.nih.gov/21845515/
31043531,https://pubmed.ncbi.nlm.nih.gov/31043531/
32783363,https://pubmed.ncbi.nlm.nih.gov/32783363/
20502529,https://pubmed.ncbi.nlm.nih.gov/20502529/
28473813,https://pubmed.ncbi.nlm.nih.gov/28473813/
16182584,https://pubmed.ncbi.nlm.nih.gov/16182584/
23741001,https://pubmed.ncbi.nlm.nih.gov/23741001/
28739278,https://pubmed.ncbi.nlm.nih.gov/28739278/
32117091,https://pubmed.ncbi.nlm.nih.gov/32117091/
25122182,https://pubmed.ncbi.nlm.nih.gov/25122182/
30168142,https://pubmed.ncbi.nlm.nih.gov/30168142/
25241249,https://pubmed.ncbi.nlm.nih.gov/25241249/
29113699,https://pubmed.ncbi.nlm.nih.gov/29113699/
27524440,https://pubmed.ncbi.nlm.nih.gov/27524440/
28102736,https://pubmed.ncbi.nlm.nih.gov/28102736/
29055802,https://pubmed.ncbi.nlm.nih.gov/29055802/
20158392,https://pubmed.ncbi.nlm.nih.gov/20158392/
20824170,https://pubmed.ncbi.nlm.nih.gov/20824170/
29566761,https://pubmed.ncbi.nlm.nih.gov/29566761/
34487337,https://pubmed.ncbi.nlm.nih.gov/34487337/
26244642,https://pubmed.ncbi.nlm.nih.gov/26244642/
28240606,https://pubmed.ncbi.nlm.nih.gov/28240606/
23545497,https://pubmed.ncbi.nlm.nih.gov/23545497/
24792753,https://pubmed.ncbi.nlm.nih.gov/24792753/
34155112,https://pubmed.ncbi.nlm.nih.gov/34155112/
30988429,https://pubmed.ncbi.nlm.nih.gov/30988429/
22911431,https://pubmed.ncbi.nlm.nih.gov/22911431/
34653521,https://pubmed.ncbi.nlm.nih.gov/34653521/
22105072,https://pubmed.ncbi.nlm.nih.gov/22105072/
20032188,https://pubmed.ncbi.nlm.nih.gov/20032188/
14557666,https://pubmed.ncbi.nlm.nih.gov/14557666/
33957312,https://pubmed.ncbi.nlm.nih.gov/33957312/
27383988,https://pubmed.ncbi.nlm.nih.gov/27383988/
30987270,https://pubmed.ncbi.nlm.nih.gov/30987270/
27553177,https://pubmed.ncbi.nlm.nih.gov/27553177/
21893572,https://pubmed.ncbi.nlm.nih.gov/21893572/
19279106,https://pubmed.ncbi.nlm.nih.gov/19279106/
19382257,https://pubmed.ncbi.nlm.nih.gov/19382257/
29660363,https://pubmed.ncbi.nlm.nih.gov/29660363/
28267608,https://pubmed.ncbi.nlm.nih.gov/28267608/
21195733,https://pubmed.ncbi.nlm.nih.gov/21195733/
23469297,https://pubmed.ncbi.nlm.nih.gov/23469297/
28824886,https://pubmed.ncbi.nlm.nih.gov/28824886/
29760190,https://pubmed.ncbi.nlm.nih.gov/29760190/
19404546,https://pubmed.ncbi.nlm.nih.gov/19404546/
16112753,https://pubmed.ncbi.nlm.nih.gov/16112753/
32141809,https://pubmed.ncbi.nlm.nih.gov/32141809/
14962846,https://pubmed.ncbi.nlm.nih.gov/14962846/
28982551,https://pubmed.ncbi.nlm.nih.gov/28982551/
28930151,https://pubmed.ncbi.nlm.nih.gov/28930151/
30046058,https://pubmed.ncbi.nlm.nih.gov/30046058/
25041739,https://pubmed.ncbi.nlm.nih.gov/25041739/
25138703,https://pubmed.ncbi.nlm.nih.gov/25138703/
11022000,https://pubmed.ncbi.nlm.nih.gov/11022000/
25780281,https://pubmed.ncbi.nlm.nih.gov/25780281/
28152048,https://pubmed.ncbi.nlm.nih.gov/28152048/
29098151,https://pubmed.ncbi.nlm.nih.gov/29098151/
19096510,https://pubmed.ncbi.nlm.nih.gov/19096510/
21379341,https://pubmed.ncbi.nlm.nih.gov/21379341/
31694957,https://pubmed.ncbi.nlm.nih.gov/31694957/
24590566,https://pubmed.ncbi.nlm.nih.gov/24590566/
26945025,https://pubmed.ncbi.nlm.nih.gov/26945025/
27056258,https://pubmed.ncbi.nlm.nih.gov/27056258/
24920798,https://pubmed.ncbi.nlm.nih.gov/24920798/
16987981,https://pubmed.ncbi.nlm.nih.gov/16987981/
24043884,https://pubmed.ncbi.nlm.nih.gov/24043884/
28787446,https://pubmed.ncbi.nlm.nih.gov/28787446/
15956583,https://pubmed.ncbi.nlm.nih.gov/15956583/
29016307,https://pubmed.ncbi.nlm.nih.gov/29016307/
23103292,https://pubmed.ncbi.nlm.nih.gov/23103292/
21115818,https://pubmed.ncbi.nlm.nih.gov/21115818/
22102922,https://pubmed.ncbi.nlm.nih.gov/22102922/
28212581,https://pubmed.ncbi.nlm.nih.gov/28212581/
29117564,https://pubmed.ncbi.nlm.nih.gov/29117564/
13679613,https://pubmed.ncbi.nlm.nih.gov/13679613/
22417684,https://pubmed.ncbi.nlm.nih.gov/22417684/
22005300,https://pubmed.ncbi.nlm.nih.gov/22005300/
26965420,https://pubmed.ncbi.nlm.nih.gov/26965420/
22569259,https://pubmed.ncbi.nlm.nih.gov/22569259/
26340409,https://pubmed.ncbi.nlm.nih.gov/26340409/
15308723,https://pubmed.ncbi.nlm.nih.gov/15308723/
19214215,https://pubmed.ncbi.nlm.nih.gov/19214215/
23930976,https://pubmed.ncbi.nlm.nih.gov/23930976/
23851680,https://pubmed.ncbi.nlm.nih.gov/23851680/
27605672,https://pubmed.ncbi.nlm.nih.gov/27605672/
21200427,https://pubmed.ncbi.nlm.nih.gov/21200427/
23049766,https://pubmed.ncbi.nlm.nih.gov/23049766/
20478617,https://pubmed.ncbi.nlm.nih.gov/20478617/
21113677,https://pubmed.ncbi.nlm.nih.gov/21113677/
22422622,https://pubmed.ncbi.nlm.nih.gov/22422622/
25320280,https://pubmed.ncbi.nlm.nih.gov/25320280/
22675522,https://pubmed.ncbi.nlm.nih.gov/22675522/
20181718,https://pubmed.ncbi.nlm.nih.gov/20181718/
15475343,https://pubmed.ncbi.nlm.nih.gov/15475343/
22553322,https://pubmed.ncbi.nlm.nih.gov/22553322/
21249175,https://pubmed.ncbi.nlm.nih.gov/21249175/
20660196,https://pubmed.ncbi.nlm.nih.gov/20660196/
19710257,https://pubmed.ncbi.nlm.nih.gov/19710257/
38453000,https://pubmed.ncbi.nlm.nih.gov/38453000/
21148274,https://pubmed.ncbi.nlm.nih.gov/21148274/
23367565,https://pubmed.ncbi.nlm.nih.gov/23367565/
9475061,https://pubmed.ncbi.nlm.nih.gov/9475061/
